marke,produktname,kombination,anzahl
ADIDAS,adidas Ice Dive Eau de Parfum,kostenlos Probe,47
ADIDAS,adidas Ice Dive Eau de Parfum,angenehm Duft,4
ADIDAS,adidas Ice Dive Eau de Parfum,frisch Duft,4
ADIDAS,adidas Ice Dive Eau de Parfum,gut Duft,5
ADIDAS,adidas Ice Dive Eau de Toilette,kostenlos Probe,48
ADIDAS,adidas Ice Dive Eau de Toilette,sportlich Duft,3
ADIDAS,adidas Victory League Eau de Toilette,kostenlos Probe,38
ADIDAS,adidas Victory League Eau de Toilette,ganz Tag,4
ADIDAS,adidas Victory League Eau de Toilette,frisch Duft,3
BRUNO BANANI,bruno banani Mangetic Man Eau de Toilette,kostenlos Probe,45
BRUNO BANANI,bruno banani Mangetic Man Eau de Toilette,toll Duft,3
BRUNO BANANI,bruno banani Mangetic Man Eau de Toilette,frisch Duft,3
BRUNO BANANI,bruno banani Mangetic Man Eau de Toilette,frisch Arom,3
BRUNO BANANI,bruno banani Mangetic Man Eau de Toilette,schwarz Pfeffer,3
BRUNO BANANI,bruno banani Mangetic Man Eau de Toilette,perfekt Gleichgewicht,3
BRUNO BANANI,bruno banani Mangetic Man Eau de Toilette,fesselnd Akzent,3
BRUNO BANANI,bruno banani Mangetic Man Eau de Toilette,angenehm Duft,3
BRUNO BANANI,bruno banani Mangetic Man Eau de Toilette,holzig Note,3
BRUNO BANANI,bruno banani Mangetic Man Eau de Toilette,ganz Tag,3
BRUNO BANANI,bruno banani Mangetic Man Eau de Toilette,langanhaltend Duft,3
BURBERRY,BURBERRY Hero Eau de Parfum,kostenlos Probe,289
BURBERRY,BURBERRY Hero Eau de Parfum,toll Duft,12
BURBERRY,BURBERRY Hero Eau de Parfum,empfehl [,4
BURBERRY,BURBERRY Hero Eau de Parfum,warm Duft,6
BURBERRY,BURBERRY Hero Eau de Parfum,maskulin Duft,3
BURBERRY,BURBERRY Hero Eau de Parfum,sch√∂n Duft,13
BURBERRY,BURBERRY Hero Eau de Parfum,holzig Duft,6
BURBERRY,BURBERRY Hero Eau de Parfum,m√§nnlich Duft,7
BURBERRY,BURBERRY Hero Eau de Parfum,angenehm Duft,5
BURBERRY,BURBERRY Hero Eau de Parfum,langanhaltend Duft,4
BURBERRY,BURBERRY Hero Eau de Parfum,sinnlich Duft,3
BURBERRY,BURBERRY Hero Eau de Parfum,ganz Tag,7
BURBERRY,BURBERRY Hero Eau de Parfum,neu Duft,4
BURBERRY,BURBERRY Hero Eau de Parfum,gut Duft,3
BURBERRY,BURBERRY Hero Eau de Toilette,langanhaltend Duft,3
BURBERRY,BURBERRY Hero Eau de Toilette,toll Duft,4
BURBERRY,BURBERRY Hero Eau de Toilette,schlicht Design,3
BURBERRY,BURBERRY Hero Eau de Toilette,kostenlos Probe,49
BURBERRY,BURBERRY Hero Eau de Toilette,m√§nnlich Duft,3
BURBERRY,BURBERRY Hero Eau de Toilette,ganz Tag,6
BURBERRY,BURBERRY Hero Eau de Toilette,neu Duft,3
BURBERRY,BURBERRY Hero Eau de Toilette,maskulin Duft,4
BURBERRY,BURBERRY Hero Eau de Toilette,klar Kaufempfehlung,3
BURBERRY,BURBERRY Hero Eau de Toilette,schwarz Pfeffer,3
BURBERRY,BURBERRY Hero Parfum,kostenlos Probe,171
BURBERRY,BURBERRY Hero Parfum,holzig Note,8
BURBERRY,BURBERRY Hero Parfum,schwarz Pfeffer,4
BURBERRY,BURBERRY Hero Parfum,ganz Tag,20
BURBERRY,BURBERRY Hero Parfum,ganz Jahr,3
BURBERRY,BURBERRY Hero Parfum,holzig Duft,6
BURBERRY,BURBERRY Hero Parfum,bleibend Eindruck,5
BURBERRY,BURBERRY Hero Parfum,toll Parf√ºm,3
BURBERRY,BURBERRY Hero Parfum,lebhaft Auftakt,4
BURBERRY,BURBERRY Hero Parfum,intensiv Fusion,3
BURBERRY,BURBERRY Hero Parfum,absolut Sinnlichkeit,3
BURBERRY,BURBERRY Hero Parfum,warm Zedernholz√∂le,3
BURBERRY,BURBERRY Hero Parfum,unverkennbar Basis,4
BURBERRY,BURBERRY Hero Parfum,toll Duft,8
BURBERRY,BURBERRY Hero Parfum,angenehm Duft,11
BURBERRY,BURBERRY Hero Parfum,klar Kaufempfehlung,3
BURBERRY,BURBERRY Hero Parfum,neu Duft,4
BURBERRY,BURBERRY Hero Parfum,s√º√ü Duft,3
BURBERRY,BURBERRY Hero Parfum,intensiv Duft,5
BURBERRY,BURBERRY Hero Parfum,besonderer Anl√§s,8
BURBERRY,BURBERRY Hero Parfum,magnetisch Deckel,4
BURBERRY,BURBERRY Hero Parfum,sch√∂n Duft,6
BURBERRY,BURBERRY Hero Parfum,frisch Note,8
BURBERRY,BURBERRY Hero Parfum,t√§glich Gebrauch,4
BURBERRY,BURBERRY Hero Parfum,s√º√ülich Duft,5
BURBERRY,BURBERRY Hero Parfum,magnetisch Verschluss,3
BURBERRY,BURBERRY Hero Parfum,magnetisch Verschlusskappe,3
BURBERRY,BURBERRY Hero Parfum,frisch Duft,3
BURBERRY,BURBERRY Hero Parfum,besonderer Anla√ü,5
BURBERRY,BURBERRY Hero Parfum,s√º√ü Note,4
BURBERRY,BURBERRY Hero Parfum,gut Duft,4
BURBERRY,BURBERRY Hero Parfum,gro√ü Plus,3
BURBERRY,BURBERRY Hero Parfum,m√§nnlich Duft,3
BURBERRY,BURBERRY Hero Parfum,modern Interpretation,3
BURBERRY,BURBERRY Hero Parfum,tief Goldt√∂ne,3
BURBERRY,BURBERRY Hero Parfum,empfehl Empfehle,5
CALVIN KLEIN,Calvin Klein ck Eau de Parfum Everyone,unisex Duft,5
CALVIN KLEIN,Calvin Klein ck Eau de Parfum Everyone,kostenlos Probe,186
CALVIN KLEIN,Calvin Klein ck Eau de Parfum Everyone,ganz Tag,15
CALVIN KLEIN,Calvin Klein ck Eau de Parfum Everyone,sch√∂n Duft,4
CALVIN KLEIN,Calvin Klein ck Eau de Parfum Everyone,angenehm Duft,10
CALVIN KLEIN,Calvin Klein ck Eau de Parfum Everyone,komplett Tag,3
CALVIN KLEIN,Calvin Klein ck Eau de Parfum Everyone,frisch Duft,15
CALVIN KLEIN,Calvin Klein ck Eau de Parfum Everyone,neu Duft,7
CALVIN KLEIN,Calvin Klein ck Eau de Parfum Everyone,klar Kaufempfehlung,3
CALVIN KLEIN,Calvin Klein ck Eau de Parfum Everyone,toll Duft,17
CALVIN KLEIN,Calvin Klein ck Eau de Parfum Everyone,toll Parfum,3
CALVIN KLEIN,Calvin Klein ck Eau de Parfum Everyone,leicht Duft,5
CALVIN KLEIN,Calvin Klein ck Eau de Parfum Everyone,schlicht Design,3
CALVIN KLEIN,Calvin Klein ck Everyone Eau de Toilette,kostenlos Probe,206
CALVIN KLEIN,Calvin Klein ck Everyone Eau de Toilette,angenehm Duft,9
CALVIN KLEIN,Calvin Klein ck Everyone Eau de Toilette,erfrischend Duft,3
CALVIN KLEIN,Calvin Klein ck Everyone Eau de Toilette,gut Laune,3
CALVIN KLEIN,Calvin Klein ck Everyone Eau de Toilette,ganz Tag,12
CALVIN KLEIN,Calvin Klein ck Everyone Eau de Toilette,neu Duft,12
CALVIN KLEIN,Calvin Klein ck Everyone Eau de Toilette,frisch Duft,13
CALVIN KLEIN,Calvin Klein ck Everyone Eau de Toilette,toll Parfum,3
CALVIN KLEIN,Calvin Klein ck Everyone Eau de Toilette,toll Duft,14
CALVIN KLEIN,Calvin Klein ck Everyone Eau de Toilette,unisex Duft,6
CALVIN KLEIN,Calvin Klein ck Everyone Eau de Toilette,schwer Duft,3
CALVIN KLEIN,Calvin Klein ck Everyone Eau de Toilette,leicht Duft,6
CALVIN KLEIN,Calvin Klein ck Everyone Eau de Toilette,sch√∂n Duft,6
CALVIN KLEIN,Calvin Klein ck Everyone Eau de Toilette,klar Kaufempfehlung,3
CALVIN KLEIN,Calvin Klein ck Everyone Eau de Toilette,toll Parf√ºm,3
CALVIN KLEIN,Calvin Klein ck Everyone Eau de Toilette,besonderer Anla√ü,3
CALVIN KLEIN,Calvin Klein ck Everyone Eau de Toilette,schlicht Flakon,4
CALVIN KLEIN,Calvin Klein ck Everyone Eau de Toilette,schlicht Design,5
CALVIN KLEIN,Calvin Klein ck Everyone Eau de Toilette,gut Gef√ºhl,3
CALVIN KLEIN,Calvin Klein ck Everyone Eau de Toilette,blau Tee,3
CALVIN KLEIN,Calvin Klein ck Everyone Eau de Toilette,aquatisch Note,3
CALVIN KLEIN ETERNITY,Calvin Klein Eternity Aromatic Essence for Men Eau de Parfum,kostenlos Probe,285
CALVIN KLEIN ETERNITY,Calvin Klein Eternity Aromatic Essence for Men Eau de Parfum,m√§nnlich Duft,5
CALVIN KLEIN ETERNITY,Calvin Klein Eternity Aromatic Essence for Men Eau de Parfum,ganz Tag,11
CALVIN KLEIN ETERNITY,Calvin Klein Eternity Aromatic Essence for Men Eau de Parfum,sch√∂n Duft,11
CALVIN KLEIN ETERNITY,Calvin Klein Eternity Aromatic Essence for Men Eau de Parfum,frisch Duft,9
CALVIN KLEIN ETERNITY,Calvin Klein Eternity Aromatic Essence for Men Eau de Parfum,toll Duft,17
CALVIN KLEIN ETERNITY,Calvin Klein Eternity Aromatic Essence for Men Eau de Parfum,besonderer Anl√§s,4
CALVIN KLEIN ETERNITY,Calvin Klein Eternity Aromatic Essence for Men Eau de Parfum,angenehm Aroma,3
CALVIN KLEIN ETERNITY,Calvin Klein Eternity Aromatic Essence for Men Eau de Parfum,angenehm Duft,11
CALVIN KLEIN ETERNITY,Calvin Klein Eternity Aromatic Essence for Men Eau de Parfum,intensiv Duft,3
CALVIN KLEIN ETERNITY,Calvin Klein Eternity Aromatic Essence for Men Eau de Parfum,neu Duft,3
CALVIN KLEIN ETERNITY,Calvin Klein Eternity Aromatic Essence for Men Eau de Parfum,anhaltend Duft,4
CALVIN KLEIN ETERNITY,Calvin Klein Eternity Aromatic Essence for Men Eau de Parfum,Angenehmer Duft,3
CALVIN KLEIN ETERNITY,Calvin Klein Eternity Aromatic Essence for Men Eau de Parfum,empfehl [,3
CALVIN KLEIN ETERNITY,Calvin Klein Eternity Aromatic Essence for Men Eau de Parfum,langanhaltend Duft,3
CALVIN KLEIN ETERNITY,Calvin Klein Eternity Men Eau de Parfum,kostenlos Probe,57
CALVIN KLEIN ETERNITY,Calvin Klein Eternity Men Eau de Parfum,neu Duft,3
CALVIN KLEIN ETERNITY,Calvin Klein Eternity for Men Eau de Toilette,frisch Duft,7
CALVIN KLEIN ETERNITY,Calvin Klein Eternity for Men Eau de Toilette,besonderer Anl√§s,3
CALVIN KLEIN ETERNITY,Calvin Klein Eternity for Men Eau de Toilette,kostenlos Probe,70
CALVIN KLEIN ETERNITY,Calvin Klein Eternity for Men Eau de Toilette,gut Duft,3
CALVIN KLEIN ETERNITY,Calvin Klein Eternity for Men Eau de Toilette,angenehm Duft,3
CK,Calvin Klein One Essence Eau de Parfum,kostenlos Probe,86
CK,Calvin Klein One Essence Eau de Parfum,ganz Tag,14
CK,Calvin Klein One Essence Eau de Parfum,besonderer Anl√§s,4
CK,Calvin Klein One Essence Eau de Parfum,vielseitig Duft,3
CK,Calvin Klein One Essence Eau de Parfum,neu Duft,6
CK,Calvin Klein One Essence Eau de Parfum,sch√∂n Duft,3
CK,Calvin Klein One Essence Eau de Parfum,italienisch Bergamotte,4
CK,Calvin Klein One Essence Eau de Parfum,m√§nnlich Duft,3
CK,Calvin Klein One Essence Eau de Parfum,t√§glich Gebrauch,5
CK,Calvin Klein One Essence Eau de Parfum,erfrischend Duft,4
CK,Calvin Klein One Essence Eau de Parfum,intensiv Duft,3
CK,Calvin Klein One Essence Eau de Parfum,toll Duft,4
CK,Calvin Klein One Essence Eau de Parfum,wunderbar Duft,3
CK,Calvin Klein One Essence Eau de Parfum,frisch Duft,4
CK,Calvin Klein One Essence Eau de Parfum,angenehm Duft,3
CK,Calvin Klein One Essence Eau de Parfum,gr√ºn Tee,4
CK,Calvin Klein One Essence Eau de Parfum,frisch Note,3
DAVID BECKHAM,DAVID BECKHAM Classic Blue Eau de Toilette,kostenlos Probe,49
DAVID BECKHAM,DAVID BECKHAM Classic Blue Eau de Toilette,frisch Duft,7
DAVID BECKHAM,DAVID BECKHAM Classic Blue Eau de Toilette,t√§glich Gebrauch,3
DAVID BECKHAM,DAVID BECKHAM Classic Blue Eau de Toilette,gut Wahl,3
DAVID BECKHAM INSTINCT,DAVID BECKHAM Bold Instinct Eau de Parfum,kostenlos Probe,40
DAVID BECKHAM INSTINCT,DAVID BECKHAM Bold Instinct Eau de Parfum,angenehm Duft,4
DAVID BECKHAM INSTINCT,DAVID BECKHAM Bold Instinct Eau de Parfum,ganz Tag,5
DAVID BECKHAM INSTINCT,DAVID BECKHAM Follow Your Instinct Eau de Parfum,kostenlos Probe,44
DAVID BECKHAM INSTINCT,DAVID BECKHAM Follow Your Instinct Eau de Parfum,ganz Tag,5
DAVID BECKHAM INSTINCT,DAVID BECKHAM Follow Your Instinct Eau de Parfum,maskulin Charakter,3
DAVID BECKHAM INSTINCT,DAVID BECKHAM Follow Your Instinct Eau de Parfum,frisch Duft,4
DAVID BECKHAM INSTINCT,DAVID BECKHAM Instinct Eau de Parfum,kostenlos Probe,46
DAVID BECKHAM INSTINCT,DAVID BECKHAM Instinct Eau de Parfum,ganz Tag,10
DAVID BECKHAM INSTINCT,DAVID BECKHAM True Instinct Eau de Parfum,kostenlos Probe,36
DAVID BECKHAM INSTINCT,DAVID BECKHAM True Instinct Eau de Parfum,ganz Tag,5
DAVID BECKHAM INSTINCT,DAVID BECKHAM True Instinct Eau de Parfum,toll Duft,3
DAVIDOFF,DAVIDOFF Cool Water Intense Eau de Parfum,toll Duft,5
DAVIDOFF,DAVIDOFF Cool Water Intense Eau de Parfum,kostenlos Probe,66
DAVIDOFF,DAVIDOFF Cool Water Intense Eau de Parfum,empfehl [,3
DAVIDOFF,DAVIDOFF Cool Water Intense Eau de Parfum,ganz Tag,6
DAVIDOFF,DAVIDOFF Cool Water Intense Eau de Parfum,angenehm Duft,4
DAVIDOFF,DAVIDOFF Cool Water Intense Eau de Parfum,neu Duft,6
DAVIDOFF,DAVIDOFF Cool Water Parfum Man,ganz Tag,4
DAVIDOFF,DAVIDOFF Cool Water Parfum Man,frisch Duft,12
DAVIDOFF,DAVIDOFF Cool Water Parfum Man,kostenlos Probe,70
DAVIDOFF,DAVIDOFF Cool Water Parfum Man,besonderer Anla√ü,3
DAVIDOFF,DAVIDOFF Cool Water Parfum Man,kurz Zeit,3
DAVIDOFF,DAVIDOFF Cool Water Parfum Man,angenehm Duft,5
DAVIDOFF,DAVIDOFF Cool Water Parfum Man,neu Duft,4
DAVIDOFF,DAVIDOFF Cool Water Parfum Man,besonderer Anl√§s,4
DAVIDOFF,DAVIDOFF Cool Water Parfum Man,empfehl [,3
DAVIDOFF,DAVIDOFF Cool Water Reborn Eau De Parfum,kostenlos Probe,188
DAVIDOFF,DAVIDOFF Cool Water Reborn Eau De Parfum,ganz Tag,24
DAVIDOFF,DAVIDOFF Cool Water Reborn Eau De Parfum,angenehm Duft,5
DAVIDOFF,DAVIDOFF Cool Water Reborn Eau De Parfum,absolut Favorit,4
DAVIDOFF,DAVIDOFF Cool Water Reborn Eau De Parfum,frisch Duft,11
DAVIDOFF,DAVIDOFF Cool Water Reborn Eau De Parfum,anhaltend Duft,3
DAVIDOFF,DAVIDOFF Cool Water Reborn Eau De Parfum,besonderer Anla√ü,6
DAVIDOFF,DAVIDOFF Cool Water Reborn Eau De Parfum,erfrischend Duft,7
DAVIDOFF,DAVIDOFF Cool Water Reborn Eau De Parfum,neu Parfum,4
DAVIDOFF,DAVIDOFF Cool Water Reborn Eau De Parfum,klar Empfehlung,4
DAVIDOFF,DAVIDOFF Cool Water Reborn Eau De Parfum,klar Kaufempfehlung,4
DAVIDOFF,DAVIDOFF Cool Water Reborn Eau De Parfum,toll Duft,13
DAVIDOFF,DAVIDOFF Cool Water Reborn Eau De Parfum,perfekt Duft,3
DAVIDOFF,DAVIDOFF Cool Water Reborn Eau De Parfum,kurz Zeit,4
DAVIDOFF,DAVIDOFF Cool Water Reborn Eau De Parfum,alt Duft,3
DAVIDOFF,DAVIDOFF Cool Water Reborn Eau De Parfum,gut Duft,3
DAVIDOFF,DAVIDOFF Cool Water Reborn Eau De Parfum,gelungen Neuinterpretation,3
DAVIDOFF,DAVIDOFF Cool Water Reborn Eau De Parfum,gewi√ü Tiefe,4
DAVIDOFF,DAVIDOFF Cool Water Reborn Eau De Parfum,besonderer Anl√§s,3
DAVIDOFF,DAVIDOFF Cool Water Reborn Eau De Parfum,klein Menge,3
DAVIDOFF,DAVIDOFF Cool Water Reborn Eau De Parfum,lang Zeit,5
DAVIDOFF,DAVIDOFF Cool Water Reborn Eau De Parfum,neu Duft,10
DAVIDOFF,DAVIDOFF Cool Water Reborn Eau De Parfum,s√º√ü Note,3
DAVIDOFF,DAVIDOFF Cool Water Reborn Eau De Parfum,intensiv Duft,5
DAVIDOFF,DAVIDOFF Cool Water Reborn Eau De Parfum,fruchtig Note,3
DAVIDOFF,DAVIDOFF Cool Water Reborn Eau De Parfum,langanhaltend Duft,5
DAVIDOFF,DAVIDOFF Cool Water Reborn Eau De Parfum,holzig Note,5
DAVIDOFF,DAVIDOFF Cool Water Reborn Eau De Parfum,t√§glich Gebrauch,5
DAVIDOFF,DAVIDOFF Cool Water Reborn Eau De Parfum,toll Produkt,3
DAVIDOFF,DAVIDOFF Cool Water Reborn Eau De Parfum,erster Moment,3
DAVIDOFF,DAVIDOFF Cool Water Reborn Eau De Parfum,gut Wahl,3
DAVIDOFF,DAVIDOFF Cool Water Reborn Eau De Parfum,leicht Sommerduft,3
DAVIDOFF,DAVIDOFF Cool Water Reborn Eau De Parfum,neu Variante,4
GIORGIO ARMANI,GIORGIO ARMANI Acqua di Gi√≤ Homme Eau de Toilette Nachf√ºllbar,toll Duft,12
GIORGIO ARMANI,GIORGIO ARMANI Acqua di Gi√≤ Homme Eau de Toilette Nachf√ºllbar,frisch Duft,10
GIORGIO ARMANI,GIORGIO ARMANI Acqua di Gi√≤ Homme Eau de Toilette Nachf√ºllbar,ganz Tag,5
GIORGIO ARMANI,GIORGIO ARMANI Code Parfum Nachf√ºllung,m√§nnlich Duft,7
GIORGIO ARMANI,GIORGIO ARMANI Code Parfum Nachf√ºllung,sch√∂n Duft,6
GIORGIO ARMANI,GIORGIO ARMANI Code Parfum Nachf√ºllung,ganz Tag,7
GIORGIO ARMANI,GIORGIO ARMANI Code Parfum Nachf√ºllung,maskulin Duft,5
GIORGIO ARMANI,GIORGIO ARMANI Code Parfum Nachf√ºllung,toll Duft,16
GIORGIO ARMANI,GIORGIO ARMANI Code Parfum Nachf√ºllung,gut Duft,3
GIORGIO ARMANI,GIORGIO ARMANI Code Parfum Nachf√ºllung,angenehm Duft,6
GIORGIO ARMANI,GIORGIO ARMANI Code Parfum Nachf√ºllung,modern Mann,3
GIORGIO ARMANI,GIORGIO ARMANI Code Parfum Nachf√ºllung,anziehend Duft,3
GIORGIO ARMANI,GIORGIO ARMANI Code Parfum Nachf√ºllung,langanhaltend Duft,3
GIORGIO ARMANI,GIORGIO ARMANI Code Parfum Nachf√ºllung,jung Mann,3
GIORGIO ARMANI,GIORGIO ARMANI Code Parfum Nachf√ºllung,neu Duft,3
GUCCI,GUCCI Guilty Elixir Pour Homme Eau de Toilette,kostenlos Probe,113
GUCCI,GUCCI Guilty Elixir Pour Homme Eau de Toilette,gut Duft,4
GUCCI,GUCCI Guilty Elixir Pour Homme Eau de Toilette,angenehm Duft,4
GUCCI,GUCCI Guilty Elixir Pour Homme Eau de Toilette,toll Duft,10
GUCCI,GUCCI Guilty Elixir Pour Homme Eau de Toilette,ganz Tag,17
GUCCI,GUCCI Guilty Elixir Pour Homme Eau de Toilette,holzig Note,4
GUCCI,GUCCI Guilty Elixir Pour Homme Eau de Toilette,klar Empfehlung,3
GUCCI,GUCCI Guilty Elixir Pour Homme Eau de Toilette,klein Menge,6
GUCCI,GUCCI Guilty Elixir Pour Homme Eau de Toilette,modern Mann,5
GUCCI,GUCCI Guilty Elixir Pour Homme Eau de Toilette,erster Mal,3
GUCCI,GUCCI Guilty Elixir Pour Homme Eau de Toilette,besonderer Anl√§s,5
GUCCI,GUCCI Guilty Elixir Pour Homme Eau de Toilette,toll Parfum,3
GUCCI,GUCCI Guilty Elixir Pour Homme Eau de Toilette,gr√ºn Farbe,3
GUCCI,GUCCI Guilty Elixir Pour Homme Eau de Toilette,neu Lieblingsparfum,3
GUCCI,GUCCI Guilty Elixir Pour Homme Eau de Toilette,holzig Duft,4
GUCCI,GUCCI Guilty Elixir Pour Homme Eau de Toilette,erster Blick,3
GUCCI,GUCCI Guilty Elixir Pour Homme Eau de Toilette,perfekt Geschenk,3
GUCCI,GUCCI Guilty Elixir Pour Homme Eau de Toilette,echt Hingucker,3
GUCCI,GUCCI Guilty Pour Homme,toll Duft,3
GUCCI,GUCCI Guilty Pour Homme,kostenlos Probe,89
GUCCI,GUCCI Guilty Pour Homme,angenehm Duft,4
GUCCI,GUCCI Guilty Pour Homme,sch√∂n Duft,3
GUCCI,GUCCI Guilty Pour Homme,sch√∂n Design,3
GUCCI,GUCCI Guilty Pour Homme Eau de Parfum,edl Duft,4
GUCCI,GUCCI Guilty Pour Homme Eau de Parfum,kostenlos Probe,61
GUCCI,GUCCI Guilty Pour Homme Eau de Parfum,neu Duft,3
GUCCI,GUCCI Guilty Pour Homme Eau de Parfum,holzig Duft,4
GUCCI,GUCCI Guilty Pour Homme Eau de Parfum,allt√§glich Gebrauch,3
GUCCI,GUCCI Guilty Pour Homme Eau de Parfum,angenehm Duft,5
GUCCI,GUCCI Guilty Pour Homme Eau de Parfum,klar Kaufempfehlung,3
GUCCI,GUCCI Guilty Pour Homme Eau de Parfum,ganz Tag,7
GUCCI,GUCCI Guilty Pour Homme Eau de Parfum,m√§nnlich Duft,3
HUGO,HUGO Jeans Eau de Toilette,kostenlos Probe,82
HUGO,HUGO Jeans Eau de Toilette,frisch Duft,4
HUGO,HUGO Jeans Eau de Toilette,toll Duft,3
HUGO,HUGO Jeans Eau de Toilette,ganz Tag,7
HUGO,HUGO Jeans Eau de Toilette,besonderer Anl√§s,4
HUGO,HUGO Jeans Eau de Toilette,gut Duft,3
HUGO,HUGO Jeans Eau de Toilette,angenehm Duft,3
HUGO,HUGO Jeans Eau de Toilette,t√§glich Gebrauch,3
HUGO BOSS,BOSS Bottled Eau de Parfum,ganz Tag,4
HUGO BOSS,BOSS Bottled Eau de Parfum,toll Duft,5
HUGO BOSS,BOSS Bottled Eau de Parfum,elegant Duft,3
HUGO BOSS,BOSS Bottled Eau de Parfum,kostenlos Probe,71
HUGO BOSS,BOSS Bottled Eau de Parfum,holzig Duft,4
HUGO BOSS,BOSS Bottled Eau de Parfum,besonderer Anla√ü,4
HUGO BOSS,BOSS Bottled Eau de Parfum,m√§nnlich Duft,3
HUGO BOSS,BOSS Bottled Eau de Toilette Natural Spray,kostenlos Probe,62
HUGO BOSS,BOSS Bottled Eau de Toilette Natural Spray,ganz Tag,10
HUGO BOSS,BOSS Bottled Eau de Toilette Natural Spray,vielseitig Duft,4
HUGO BOSS,BOSS Bottled Eau de Toilette Natural Spray,besonderer Anla√ü,4
HUGO BOSS,BOSS Bottled Eau de Toilette Natural Spray,modern Mann,4
HUGO BOSS,BOSS Bottled Eau de Toilette Natural Spray,t√§glich Gebrauch,3
HUGO BOSS,BOSS Bottled Eau de Toilette Natural Spray,angenehm Duft,5
HUGO BOSS,BOSS Bottled Eau de Toilette Natural Spray,zeitlos Duft,5
HUGO BOSS,BOSS Bottled Eau de Toilette Natural Spray,gut Duft,3
HUGO BOSS,BOSS Bottled Eau de Toilette Natural Spray,besonderer Anl√§s,6
HUGO BOSS,BOSS Bottled Eau de Toilette Natural Spray,frisch Note,4
HUGO BOSS,BOSS Bottled Eau de Toilette Natural Spray,schlicht Design,3
HUGO BOSS,BOSS Bottled Elixir Parfum Intense,kostenlos Probe,92
HUGO BOSS,BOSS Bottled Elixir Parfum Intense,m√§nnlich Duft,6
HUGO BOSS,BOSS Bottled Elixir Parfum Intense,intensiv Parf√ºm,3
HUGO BOSS,BOSS Bottled Elixir Parfum Intense,warm Note,4
HUGO BOSS,BOSS Bottled Elixir Parfum Intense,holzig Note,8
HUGO BOSS,BOSS Bottled Elixir Parfum Intense,fruchtig Akzentus,3
HUGO BOSS,BOSS Bottled Elixir Parfum Intense,einzigartig Tiefe,3
HUGO BOSS,BOSS Bottled Elixir Parfum Intense,ganz Tag,19
HUGO BOSS,BOSS Bottled Elixir Parfum Intense,klar Empfehlung,3
HUGO BOSS,BOSS Bottled Elixir Parfum Intense,neu Duft,5
HUGO BOSS,BOSS Bottled Elixir Parfum Intense,toll Duft,4
HUGO BOSS,BOSS Bottled Elixir Parfum Intense,besonderer Anl√§s,7
HUGO BOSS,BOSS Bottled Elixir Parfum Intense,sch√∂n Duft,3
HUGO BOSS,BOSS Bottled Elixir Parfum Intense,intensiv Duft,5
HUGO BOSS,BOSS Bottled Parfum,kostenlos Probe,93
HUGO BOSS,BOSS Bottled Parfum,schwarz Flasche,3
HUGO BOSS,BOSS Bottled Parfum,neu Duft,3
HUGO BOSS,BOSS Bottled Parfum,klar Kaufempfehlung,5
HUGO BOSS,BOSS Bottled Parfum,toll Duft,11
HUGO BOSS,BOSS Bottled Parfum,m√§nnlich Duft,3
HUGO BOSS,BOSS Bottled Parfum,angenehm Duft,4
HUGO BOSS,BOSS Bottled Parfum,ganz Tag,15
HUGO BOSS,BOSS Bottled Parfum,besonderer Anl√§s,3
HUGO BOSS,BOSS Bottled Parfum,neu Boss,5
HUGO BOSS,BOSS Bottled Parfum,maskulin Duft,3
HUGO BOSS,BOSS THE SCENT Absolute For Him,langanhaltend Duft,3
HUGO BOSS,BOSS THE SCENT Absolute For Him,kostenlos Probe,66
HUGO BOSS,BOSS THE SCENT Absolute For Him,besonderer Anla√ü,6
HUGO BOSS,BOSS THE SCENT Absolute For Him,ganz Tag,4
HUGO BOSS,BOSS THE SCENT Absolute For Him,neu Duft,4
HUGO BOSS,BOSS THE SCENT Absolute For Him,toll Duft,3
HUGO BOSS,BOSS THE SCENT Absolute For Him,besonderer Anl√§s,4
HUGO BOSS,BOSS The Scent Eau de Toilette Natural Spray,kostenlos Probe,94
HUGO BOSS,BOSS The Scent Eau de Toilette Natural Spray,angenehm Duft,8
HUGO BOSS,BOSS The Scent Eau de Toilette Natural Spray,ganz Tag,4
HUGO BOSS,BOSS The Scent Eau de Toilette Natural Spray,toll Duft,3
HUGO BOSS,BOSS The Scent Eau de Toilette Natural Spray,sch√∂n Duft,3
HUGO BOSS,BOSS The Scent Eau de Toilette Natural Spray,gut Duft,4
HUGO BOSS,BOSS The Scent Elixir for Him Eau de Parfum,kostenlos Probe,194
HUGO BOSS,BOSS The Scent Elixir for Him Eau de Parfum,gut Duft,5
HUGO BOSS,BOSS The Scent Elixir for Him Eau de Parfum,neu Duft,4
HUGO BOSS,BOSS The Scent Elixir for Him Eau de Parfum,intensiv Duft,6
HUGO BOSS,BOSS The Scent Elixir for Him Eau de Parfum,angenehm Duft,11
HUGO BOSS,BOSS The Scent Elixir for Him Eau de Parfum,s√º√ü Duft,3
HUGO BOSS,BOSS The Scent Elixir for Him Eau de Parfum,toll Duft,11
HUGO BOSS,BOSS The Scent Elixir for Him Eau de Parfum,langanhaltend Duft,9
HUGO BOSS,BOSS The Scent Elixir for Him Eau de Parfum,empfehl [,3
HUGO BOSS,BOSS The Scent Elixir for Him Eau de Parfum,ganz Tag,18
HUGO BOSS,BOSS The Scent Elixir for Him Eau de Parfum,m√§nnlich Duft,6
HUGO BOSS,BOSS The Scent Elixir for Him Eau de Parfum,stark Duft,3
HUGO BOSS,BOSS The Scent Elixir for Him Eau de Parfum,anderer D√ºft,3
HUGO BOSS,BOSS The Scent Elixir for Him Eau de Parfum,besonderer Anl√§s,3
HUGO BOSS,BOSS The Scent Elixir for Him Eau de Parfum,komplett Tag,4
HUGO BOSS,BOSS The Scent Elixir for Him Eau de Parfum,hochwertig Parfum,3
HUGO BOSS,BOSS The Scent Elixir for Him Eau de Parfum,rot Pfeffer,6
HUGO BOSS,BOSS The Scent Elixir for Him Eau de Parfum,absolut Kaufempfehlung,3
HUGO BOSS,BOSS The Scent Elixir for Him Eau de Parfum,dunkelrot Flakon,3
HUGO BOSS,BOSS The Scent Le Parfum for Him,t√§glich Begleiter,3
HUGO BOSS,BOSS The Scent Le Parfum for Him,gut Duft,3
HUGO BOSS,BOSS The Scent Le Parfum for Him,kostenlos Probe,47
HUGO BOSS,BOSS The Scent Le Parfum for Him,toll Duft,6
HUGO BOSS,BOSS The Scent Le Parfum for Him,intensiv Duft,3
HUGO BOSS,BOSS The Scent Le Parfum for Him,ganz Tag,5
HUGO BOSS,BOSS The Scent Magnetic Eau de Parfum,kostenlos Probe,290
HUGO BOSS,BOSS The Scent Magnetic Eau de Parfum,toll Duft,13
HUGO BOSS,BOSS The Scent Magnetic Eau de Parfum,neu Duft,9
HUGO BOSS,BOSS The Scent Magnetic Eau de Parfum,intensiv Duft,7
HUGO BOSS,BOSS The Scent Magnetic Eau de Parfum,gut Duft,8
HUGO BOSS,BOSS The Scent Magnetic Eau de Parfum,ganz Tag,11
HUGO BOSS,BOSS The Scent Magnetic Eau de Parfum,sch√∂n Duft,10
HUGO BOSS,BOSS The Scent Magnetic Eau de Parfum,angenehm Duft,5
HUGO BOSS,BOSS The Scent Magnetic Eau de Parfum,langanhaltend Duft,3
ISSEY MIYAKE,ISSEY MIYAKE L'Eau d'Issey pour Homme Solar Lavender Eau de Toilette Intense,kostenlos Probe,48
ISSEY MIYAKE,ISSEY MIYAKE L'Eau d'Issey pour Homme Solar Lavender Eau de Toilette Intense,modern Mann,3
ISSEY MIYAKE,ISSEY MIYAKE L'Eau d'Issey pour Homme Solar Lavender Eau de Toilette Intense,ganz Tag,11
ISSEY MIYAKE,ISSEY MIYAKE L'Eau d'Issey pour Homme Solar Lavender Eau de Toilette Intense,besonderer Anl√§s,3
ISSEY MIYAKE,ISSEY MIYAKE L'Eau d'Issey pour Homme Solar Lavender Eau de Toilette Intense,einzigartig Duft,5
ISSEY MIYAKE,ISSEY MIYAKE L'Eau d'Issey pour Homme Solar Lavender Eau de Toilette Intense,bleibend Eindruck,4
ISSEY MIYAKE,ISSEY MIYAKE L'Eau d'Issey pour Homme Solar Lavender Eau de Toilette Intense,holzig Note,5
ISSEY MIYAKE,ISSEY MIYAKE L'Eau d'Issey pour Homme Solar Lavender Eau de Toilette Intense,besonderer Note,3
ISSEY MIYAKE,ISSEY MIYAKE L'Eau d'Issey pour Homme Solar Lavender Eau de Toilette Intense,frisch Duft,3
ISSEY MIYAKE,ISSEY MIYAKE L'Eau d'Issey pour Homme Solar Lavender Eau de Toilette Intense,angenehm Duft,3
ISSEY MIYAKE,ISSEY MIYAKE L'Eau d'Issey pour Homme Wood & Wood Eau de Parfum,kostenlos Probe,54
ISSEY MIYAKE,ISSEY MIYAKE L'Eau d'Issey pour Homme Wood & Wood Eau de Parfum,holzig Note,11
ISSEY MIYAKE,ISSEY MIYAKE L'Eau d'Issey pour Homme Wood & Wood Eau de Parfum,modern Mann,3
ISSEY MIYAKE,ISSEY MIYAKE L'Eau d'Issey pour Homme Wood & Wood Eau de Parfum,angenehm Duft,3
ISSEY MIYAKE,ISSEY MIYAKE L'Eau d'Issey pour Homme Wood & Wood Eau de Parfum,langanhaltend Duft,4
ISSEY MIYAKE,ISSEY MIYAKE L'Eau d'Issey pour Homme Wood & Wood Eau de Parfum,ganz Tag,4
ISSEY MIYAKE,ISSEY MIYAKE L'Eau d'Issey pour Homme Wood & Wood Eau de Parfum,fruchtig Note,3
ISSEY MIYAKE,ISSEY MIYAKE L'Eau d'Issey pour Homme Wood & Wood Eau de Parfum,besonderer Anl√§s,3
ISSEY MIYAKE,ISSEY MIYAKE Le Sel d'Issey Eau de Toilette Nachf√ºllbar,kostenlos Probe,54
ISSEY MIYAKE,ISSEY MIYAKE Le Sel d'Issey Eau de Toilette Nachf√ºllbar,frisch Duft,5
ISSEY MIYAKE,ISSEY MIYAKE Le Sel d'Issey Eau de Toilette Nachf√ºllbar,t√§glich Gebrauch,5
ISSEY MIYAKE,ISSEY MIYAKE Le Sel d'Issey Eau de Toilette Nachf√ºllbar,besonderer Anl√§s,3
ISSEY MIYAKE,ISSEY MIYAKE Le Sel d'Issey Eau de Toilette Nachf√ºllbar,frisch Meeresbrise,4
ISSEY MIYAKE,ISSEY MIYAKE Le Sel d'Issey Eau de Toilette Nachf√ºllbar,frisch Brise,3
ISSEY MIYAKE,ISSEY MIYAKE Le Sel d'Issey Eau de Toilette Nachf√ºllbar,neu Duft,6
ISSEY MIYAKE,ISSEY MIYAKE Le Sel d'Issey Eau de Toilette Nachf√ºllbar,ganz Tag,7
ISSEY MIYAKE,ISSEY MIYAKE Le Sel d'Issey Eau de Toilette Nachf√ºllbar,holzig Note,3
ISSEY MIYAKE,ISSEY MIYAKE Le Sel d'Issey Eau de Toilette Nachf√ºllbar,salzig Note,3
ISSEY MIYAKE,ISSEY MIYAKE Le Sel d'Issey Eau de Toilette Nachf√ºllbar,frisch Note,4
JEAN PAUL GAULTIER,Jean Paul Gaultier Le Beau Paradise Garden Eau de Parfum,kostenlos Probe,71
JEAN PAUL GAULTIER,Jean Paul Gaultier Le Beau Paradise Garden Eau de Parfum,gr√ºn Feige,4
JEAN PAUL GAULTIER,Jean Paul Gaultier Le Beau Paradise Garden Eau de Parfum,frisch Minze,3
JEAN PAUL GAULTIER,Jean Paul Gaultier Le Beau Paradise Garden Eau de Parfum,toll Duft,6
JEAN PAUL GAULTIER,Jean Paul Gaultier Le Beau Paradise Garden Eau de Parfum,besonderer Anl√§s,3
JEAN PAUL GAULTIER,Jean Paul Gaultier Le Beau Paradise Garden Eau de Parfum,fruchtig Note,4
JEAN PAUL GAULTIER,Jean Paul Gaultier Le Beau Paradise Garden Eau de Parfum,ganz Tag,8
JEAN PAUL GAULTIER,Jean Paul Gaultier Le Beau Paradise Garden Eau de Parfum,gr√ºn FeigeBasisnot,3
JEAN PAUL GAULTIER,Jean Paul Gaultier Le Beau Paradise Garden Eau de Parfum,angenehm Duft,4
JEAN PAUL GAULTIER,Jean Paul Gaultier Le Beau Paradise Garden Eau de Parfum,gut Duft,3
JEAN PAUL GAULTIER,Jean Paul Gaultier Le Beau Paradise Garden Eau de Parfum,sommerlich Duft,3
JEAN PAUL GAULTIER,Jean Paul Gaultier Scandal pour Homme Absolu Parfum Concentr√©,kostenlos Probe,69
JEAN PAUL GAULTIER,Jean Paul Gaultier Scandal pour Homme Absolu Parfum Concentr√©,ganz Tag,14
JEAN PAUL GAULTIER,Jean Paul Gaultier Scandal pour Homme Absolu Parfum Concentr√©,elegant Duft,3
JEAN PAUL GAULTIER,Jean Paul Gaultier Scandal pour Homme Absolu Parfum Concentr√©,angenehm Duft,3
JEAN PAUL GAULTIER,Jean Paul Gaultier Scandal pour Homme Absolu Parfum Concentr√©,bleibend Eindruck,3
JIL SANDER,JIL SANDER Sun Men Eau de Parfum,angenehm Duft,7
JIL SANDER,JIL SANDER Sun Men Eau de Parfum,ganz Tag,3
JIL SANDER,JIL SANDER Sun Men Eau de Parfum,kostenlos Probe,124
JIL SANDER,JIL SANDER Sun Men Eau de Parfum,gut Duft,3
JIL SANDER,JIL SANDER Sun Men Eau de Parfum,neu Duft,3
JIL SANDER,JIL SANDER Sun Men Eau de Parfum,holzig Note,4
JIL SANDER,JIL SANDER Sun Men Eau de Parfum,sch√∂n Duft,3
JIL SANDER,JIL SANDER Sun Men Eau de Parfum,besonderer Anla√ü,4
JIL SANDER,JIL SANDER Sun Men Eau de Parfum,warm Tag,4
JIL SANDER,JIL SANDER Sun Men Eau de Toilette,toll Duft,7
JIL SANDER,JIL SANDER Sun Men Eau de Toilette,sch√∂n Duft,9
JIL SANDER,JIL SANDER Sun Men Eau de Toilette,angenehm Duft,6
JIL SANDER,JIL SANDER Sun Men Eau de Toilette,frisch Duft,4
JIL SANDER,JIL SANDER Sun Men Eau de Toilette,ganz Tag,4
JIL SANDER,JIL SANDER Sun Men Eau de Toilette,kostenlos Probe,88
JIL SANDER,JIL SANDER Sun Men Eau de Toilette,erfrischend Duft,5
JOOP,JOOP! HOMME Eau de Parfum,kostenlos Probe,49
JOOP,JOOP! HOMME Eau de Parfum,toll Duft,4
JOOP,JOOP! HOMME Le Parfum,toll Duft,6
JOOP,JOOP! HOMME Le Parfum,maskulin Duft,3
JOOP,JOOP! HOMME Le Parfum,kostenlos Probe,50
JOOP,JOOP! HOMME Le Parfum,ganz Tag,8
JOOP,JOOP! HOMME Le Parfum,sch√∂n Duft,5
JOOP,Joop! Jump Eau de Toilette,toll Duft,5
JOOP,Joop! Jump Eau de Toilette,gut Duft,5
JOOP,Joop! Jump Eau de Toilette,frisch Duft,14
JOOP,Joop! Jump Eau de Toilette,langanhaltend Duft,4
JOOP,Joop! Jump Eau de Toilette,sch√∂n Duft,5
JOOP,Joop! Jump Eau de Toilette,kostenlos Probe,83
JOOP,Joop! Jump Eau de Toilette,maskulin Duft,3
JOOP,Joop! Jump Eau de Toilette,angenehm Duft,6
JOOP,Joop! Jump Eau de Toilette,erfrischend Duft,3
JOOP,Joop! Jump Eau de Toilette,empfehlend Produkt,3
JOOP,Joop! WOW! Eau de Toilette,gut Duft,5
JOOP,Joop! WOW! Eau de Toilette,toll Duft,6
JOOP,Joop! WOW! Eau de Toilette,kostenlos Probe,91
JOOP,Joop! WOW! Eau de Toilette,m√§nnlich Duft,3
JOOP,Joop! WOW! Eau de Toilette,angenehm Duft,8
JOOP,Joop! WOW! Eau de Toilette,frisch Duft,3
JOOP,Joop! WOW! Eau de Toilette,sch√∂n Duft,3
LACOSTE,LACOSTE Eau de Toilette L.12.12 Blanc Eau Fra√Æche,sch√∂n Duft,4
LACOSTE,LACOSTE Eau de Toilette L.12.12 Blanc Eau Fra√Æche,ganz Tag,5
LACOSTE,LACOSTE Eau de Toilette L.12.12 Blanc Eau Fra√Æche,kostenlos Probe,50
LACOSTE,LACOSTE Eau de Toilette L.12.12 Blanc Eau Fra√Æche,angenehm Duft,5
LACOSTE,LACOSTE Eau de Toilette L.12.12 Blanc Eau Fra√Æche,frisch Duft,4
LACOSTE,LACOSTE Eau de Toilette L.12.12 Blanc Eau Fra√Æche,toll Duft,4
LACOSTE,LACOSTE L.12.12 Blanc Eau de Toilette Intense,kostenlos Probe,188
LACOSTE,LACOSTE L.12.12 Blanc Eau de Toilette Intense,toll Parfum,3
LACOSTE,LACOSTE L.12.12 Blanc Eau de Toilette Intense,neu Duft,5
LACOSTE,LACOSTE L.12.12 Blanc Eau de Toilette Intense,frisch Duft,11
LACOSTE,LACOSTE L.12.12 Blanc Eau de Toilette Intense,ganz Tag,31
LACOSTE,LACOSTE L.12.12 Blanc Eau de Toilette Intense,toll Duft,12
LACOSTE,LACOSTE L.12.12 Blanc Eau de Toilette Intense,angenehm Duft,9
LACOSTE,LACOSTE L.12.12 Blanc Eau de Toilette Intense,besonderer Anl√§s,7
LACOSTE,LACOSTE L.12.12 Blanc Eau de Toilette Intense,frisch Note,4
LACOSTE,LACOSTE L.12.12 Blanc Eau de Toilette Intense,sch√∂n Flacon,3
LACOSTE,LACOSTE L.12.12 Blanc Eau de Toilette Intense,maskulin Duft,5
LACOSTE,LACOSTE L.12.12 Blanc Eau de Toilette Intense,angenehm Geruch,4
LACOSTE,LACOSTE L.12.12 Blanc Eau de Toilette Intense,langanhaltend Duft,3
LACOSTE,LACOSTE L.12.12 Blanc Eau de Toilette Intense,stark Duft,5
LACOSTE,LACOSTE L.12.12 Blanc Eau de Toilette Intense,t√§glich Gebrauch,8
LACOSTE,LACOSTE L.12.12 Blanc Eau de Toilette Intense,sch√∂n Duft,5
LACOSTE,LACOSTE L.12.12 Blanc Eau de Toilette Intense,toll Produkt,3
LACOSTE,LACOSTE L.12.12 Blanc Eau de Toilette Intense,modern Mann,3
LACOSTE,LACOSTE L.12.12 Blanc Eau de Toilette Intense,langanhaltend Wirkung,3
LACOSTE,LACOSTE L.12.12 Blanc Eau de Toilette Intense,gut Duft,6
LACOSTE,LACOSTE L.12.12 Blanc Eau de Toilette Intense,klein Krokodil,3
LACOSTE,LACOSTE L.12.12 Blanc Eau de Toilette Intense,Lacoste L.12.12,3
MEXX,MEXX Man Black Eau de Parfum,kostenlos Probe,47
MEXX,MEXX Man Black Eau de Parfum,schwarz Pfeffer,3
MEXX,MEXX Man Black Eau de Parfum,ganz Tag,7
MEXX,MEXX Man Black Eau de Parfum,sch√∂n Duft,3
MEXX,MEXX Man Black Eau de Parfum,g√ºnstig Preis,3
MEXX,MEXX Man Black Eau de Parfum,modern Mann,3
MEXX,MEXX Man Black Eau de Toilette,kostenlos Probe,45
MEXX,MEXX Man Black Eau de Toilette,toll Duft,4
MEXX,MEXX Man Black Eau de Toilette,ganz Tag,8
MEXX,MEXX Man Black Eau de Toilette,frisch Duft,4
MEXX,MEXX Man Black Eau de Toilette,holzig Note,5
MEXX,MEXX Man Black Eau de Toilette,angenehm Duft,5
MEXX,MEXX Man Black Eau de Toilette,schwarz Pfeffer,3
MEXX,MEXX Man Eau de Toilette,kostenlos Probe,43
MEXX,MEXX Man Eau de Toilette,ganz Tag,5
MEXX,MEXX Man Eau de Toilette,modern Duft,3
NARCISO RODRIGUEZ,NARCISO RODRIGUEZ for him vetiver musc Eau de Toilette,kostenlos Probe,49
NARCISO RODRIGUEZ,NARCISO RODRIGUEZ for him vetiver musc Eau de Toilette,besonderer Anl√§s,3
NARCISO RODRIGUEZ,NARCISO RODRIGUEZ for him vetiver musc Eau de Toilette,toll Duft,4
NARCISO RODRIGUEZ,NARCISO RODRIGUEZ for him vetiver musc Eau de Toilette,ganz Tag,6
NARCISO RODRIGUEZ,NARCISO RODRIGUEZ for him vetiver musc Eau de Toilette,sch√∂n Design,3
NARCISO RODRIGUEZ,NARCISO RODRIGUEZ for him vetiver musc Eau de Toilette,erfrischend Duft,4
NARCISO RODRIGUEZ,NARCISO RODRIGUEZ for him vetiver musc Eau de Toilette,holzig Note,8
NARCISO RODRIGUEZ,NARCISO RODRIGUEZ for him vetiver musc Eau de Toilette,nat√ºrlich Ausgeglichenheit,3
NARCISO RODRIGUEZ,NARCISO RODRIGUEZ for him vetiver musc Eau de Toilette,toll Design,3
NARCISO RODRIGUEZ,NARCISO RODRIGUEZ for him vetiver musc Eau de Toilette,sch√∂n Verpackung,3
NARCISO RODRIGUEZ,NARCISO RODRIGUEZ for him vetiver musc Eau de Toilette,t√§glich Gebrauch,6
NARCISO RODRIGUEZ,NARCISO RODRIGUEZ for him vetiver musc Eau de Toilette,zeitlos Duft,3
PACO RABANNE,Paco Rabanne 1 Million Elixir Eau de Parfum,gut Duft,5
PACO RABANNE,Paco Rabanne 1 Million Elixir Eau de Parfum,kostenlos Probe,283
PACO RABANNE,Paco Rabanne 1 Million Elixir Eau de Parfum,s√º√ü Duft,3
PACO RABANNE,Paco Rabanne 1 Million Elixir Eau de Parfum,ganz Tag,7
PACO RABANNE,Paco Rabanne 1 Million Elixir Eau de Parfum,angenehm Duft,6
PACO RABANNE,Paco Rabanne 1 Million Elixir Eau de Parfum,weiterempfehl [,4
PACO RABANNE,Paco Rabanne 1 Million Elixir Eau de Parfum,toll Duft,8
PACO RABANNE,Paco Rabanne 1 Million Elixir Eau de Parfum,sch√∂n Duft,10
PACO RABANNE,Paco Rabanne 1 Million Elixir Eau de Parfum,langanhaltend Duft,3
PACO RABANNE,Paco Rabanne 1 Million Elixir Eau de Parfum,empfehl [,4
PACO RABANNE,Paco Rabanne 1 Million Parfum,kostenlos Probe,172
PACO RABANNE,Paco Rabanne 1 Million Parfum,toll Duft,3
PACO RABANNE,Paco Rabanne 1 Million Parfum,sch√∂n Duft,7
PACO RABANNE,Paco Rabanne 1 Million Parfum,m√§nnlich Duft,3
PACO RABANNE,Paco Rabanne 1 Million Parfum,ganz Tag,5
PACO RABANNE,Paco Rabanne 1 Million Parfum,wunderbar Duft,3
PACO RABANNE,Paco Rabanne 1 Million Parfum,angenehm Duft,5
PACO RABANNE,Paco Rabanne 1 Million Parfum,empfehl [,3
PACO RABANNE,Paco Rabanne 1 Million Parfum,intensiv Duft,3
PACO RABANNE,Paco Rabanne 1 Million Royal Parfum,kostenlos Probe,153
PACO RABANNE,Paco Rabanne 1 Million Royal Parfum,langanhaltend Duft,5
PACO RABANNE,Paco Rabanne 1 Million Royal Parfum,stark Duft,3
PACO RABANNE,Paco Rabanne 1 Million Royal Parfum,sch√∂n Duft,10
PACO RABANNE,Paco Rabanne 1 Million Royal Parfum,ganz Tag,6
PACO RABANNE,Paco Rabanne 1 Million Royal Parfum,neu Duft,3
PACO RABANNE,Paco Rabanne 1 Million Royal Parfum,angenehm Duft,7
PACO RABANNE,Paco Rabanne 1 Million Royal Parfum,toll Duft,7
PACO RABANNE,Paco Rabanne 1 Million Royal Parfum,empfehl [,4
PACO RABANNE,Paco Rabanne Invictus Eau de Parfum,kostenlos Probe,286
PACO RABANNE,Paco Rabanne Invictus Eau de Parfum,intensiv Duft,3
PACO RABANNE,Paco Rabanne Invictus Eau de Parfum,selbstbewus Mann,3
PACO RABANNE,Paco Rabanne Invictus Eau de Parfum,markant Duft,3
PACO RABANNE,Paco Rabanne Invictus Eau de Parfum,sch√∂n Duft,4
PACO RABANNE,Paco Rabanne Invictus Eau de Parfum,gut Duft,6
PACO RABANNE,Paco Rabanne Invictus Eau de Parfum,empfehl [,5
PACO RABANNE,Paco Rabanne Invictus Eau de Parfum,frisch Note,4
PACO RABANNE,Paco Rabanne Invictus Eau de Parfum,angenehm Duft,6
PACO RABANNE,Paco Rabanne Invictus Eau de Parfum,ganz Tag,17
PACO RABANNE,Paco Rabanne Invictus Eau de Parfum,toll Duft,3
PACO RABANNE,Paco Rabanne Invictus Eau de Parfum,neu Duft,4
PACO RABANNE,Paco Rabanne Invictus Eau de Parfum,riechend Duft,3
PACO RABANNE,Paco Rabanne Invictus Eau de Parfum,anhaltend Duft,3
PACO RABANNE,Paco Rabanne Invictus Eau de Parfum,bleibend Eindruck,3
PACO RABANNE,Paco Rabanne Invictus Eau de Parfum,besonderer Anl√§s,3
PACO RABANNE,Paco Rabanne Invictus Eau de Parfum,sup Duft,4
PACO RABANNE,Paco Rabanne Invictus Victory Eau de Parfum,kostenlos Probe,285
PACO RABANNE,Paco Rabanne Invictus Victory Eau de Parfum,neu Duft,3
PACO RABANNE,Paco Rabanne Invictus Victory Eau de Parfum,frisch Duft,10
PACO RABANNE,Paco Rabanne Invictus Victory Eau de Parfum,sch√∂n Duft,12
PACO RABANNE,Paco Rabanne Invictus Victory Eau de Parfum,ganz Tag,9
PACO RABANNE,Paco Rabanne Invictus Victory Eau de Parfum,langanhaltend Duft,3
PACO RABANNE,Paco Rabanne Invictus Victory Eau de Parfum,toll Duft,13
PACO RABANNE,Paco Rabanne Invictus Victory Eau de Parfum,intensiv Duft,4
PACO RABANNE,Paco Rabanne Invictus Victory Eau de Parfum,empfehl [,6
PACO RABANNE,Paco Rabanne Invictus Victory Eau de Parfum,angenehm Duft,7
PACO RABANNE,Paco Rabanne Invictus Victory Eau de Parfum,gut Duft,3
PACO RABANNE,Paco Rabanne Invictus Victory Eau de Parfum,üëç Duft,17
PACO RABANNE,Paco Rabanne Invictus Victory Eau de Parfum,t√§glich Gebrauch,3
PACO RABANNE,Paco Rabanne PHANTOM Eau de Parfum,kostenlos Probe,290
PACO RABANNE,Paco Rabanne PHANTOM Eau de Parfum,Angenehmer Duft,3
PACO RABANNE,Paco Rabanne PHANTOM Eau de Parfum,langanhaltend Duft,5
PACO RABANNE,Paco Rabanne PHANTOM Eau de Parfum,sch√∂n Duft,13
PACO RABANNE,Paco Rabanne PHANTOM Eau de Parfum,ganz Tag,5
PACO RABANNE,Paco Rabanne PHANTOM Eau de Parfum,toll Duft,6
PACO RABANNE,Paco Rabanne PHANTOM Eau de Parfum,m√§nnlich Duft,3
PACO RABANNE,Paco Rabanne PHANTOM Eau de Parfum,angenehm Duft,10
PACO RABANNE,Paco Rabanne PHANTOM Eau de Parfum,empfehl [,6
PACO RABANNE,Paco Rabanne PHANTOM Eau de Parfum,riechend Duft,3
PACO RABANNE,Paco Rabanne PHANTOM Eau de Parfum,gut Duft,8
PACO RABANNE,Paco Rabanne Phantom Intense Eau de Parfum Intense Nachf√ºllung,kostenlos Probe,295
PACO RABANNE,Paco Rabanne Phantom Intense Eau de Parfum Intense Nachf√ºllung,ganz Tag,26
PACO RABANNE,Paco Rabanne Phantom Intense Eau de Parfum Intense Nachf√ºllung,lang Zeit,3
PACO RABANNE,Paco Rabanne Phantom Intense Eau de Parfum Intense Nachf√ºllung,besonderer Anl√§s,8
PACO RABANNE,Paco Rabanne Phantom Intense Eau de Parfum Intense Nachf√ºllung,sch√∂n Duft,7
PACO RABANNE,Paco Rabanne Phantom Intense Eau de Parfum Intense Nachf√ºllung,angenehm Duft,7
PACO RABANNE,Paco Rabanne Phantom Intense Eau de Parfum Intense Nachf√ºllung,gut Parf√ºm,3
PACO RABANNE,Paco Rabanne Phantom Intense Eau de Parfum Intense Nachf√ºllung,erster Sekunde,3
PACO RABANNE,Paco Rabanne Phantom Intense Eau de Parfum Intense Nachf√ºllung,holzig Note,5
PACO RABANNE,Paco Rabanne Phantom Intense Eau de Parfum Intense Nachf√ºllung,bleibend Eindruck,4
PACO RABANNE,Paco Rabanne Phantom Intense Eau de Parfum Intense Nachf√ºllung,sch√∂n Parf√ºm,3
PACO RABANNE,Paco Rabanne Phantom Intense Eau de Parfum Intense Nachf√ºllung,angenehm Aroma,4
PACO RABANNE,Paco Rabanne Phantom Intense Eau de Parfum Intense Nachf√ºllung,langanhaltend Duft,4
PACO RABANNE,Paco Rabanne Phantom Intense Eau de Parfum Intense Nachf√ºllung,toll Duft,5
PACO RABANNE,Paco Rabanne Phantom Intense Eau de Parfum Intense Nachf√ºllung,anhaltend Aroma,3
PACO RABANNE,Paco Rabanne Phantom Intense Eau de Parfum Intense Nachf√ºllung,maskulin Duft,4
PACO RABANNE,Paco Rabanne Phantom Intense Eau de Parfum Intense Nachf√ºllung,anhaltend Duft,3
PACO RABANNE,Paco Rabanne Phantom Intense Eau de Parfum Intense Nachf√ºllung,empfehl [,4
TIFFANY&CO.,TIFFANY & CO. & Love Male Eau de Toilette,kostenlos Probe,62
TIFFANY&CO.,TIFFANY & CO. & Love Male Eau de Toilette,toll Duft,4
TIFFANY&CO.,TIFFANY & CO. & Love Male Eau de Toilette,frisch Duft,3
TIFFANY&CO.,TIFFANY & CO. & Love Male Eau de Toilette,weiterempfehl [,4
TIFFANY&CO.,TIFFANY & CO. & Love Male Eau de Toilette,frisch Note,5
TIFFANY&CO.,TIFFANY & CO. & Love Male Eau de Toilette,sch√∂n Duft,4
